<?xml version='1.0'?>
<!DOCTYPE platform SYSTEM "https://simgrid.org/simgrid.dtd">
<platform version="4.1">
  <actor host="alice" function="host">
    <argument value = "/include/surf/simgrid_dtd.h"/>
    <argument value = "bob"/>
    <argument value = "/scratch/include/surf/simgrid_dtd.h"/>
    <argument value = "1"/>
  </actor>
  <actor host="bob" function="host">
    <argument value = "/scratch/doc/simgrid/examples/platforms/g5k.xml"/>
    <argument value = "alice"/>
    <argument value = "/tmp/platforms/g5k.xml"/>
    <argument value = "0"/>
  </actor>
  <actor host="carl" function="host">
    <argument value = "/scratch/include/surf/simgrid_dtd.h"/>
  </actor>
</platform>
