<?xml version='1.0'?>
<!DOCTYPE platform SYSTEM "https://simgrid.org/simgrid.dtd">
<platform version="4.1">
  <!-- Register some peers in different hosts -->
  <actor host="Tremblay" function="peer">
    <argument value="0"/>         <!-- My id -->
    <argument value="2"/>         <!-- Number of tasks -->
    <argument value="50000000"/>  <!-- Computation size of tasks -->
    <argument value="3"/>         <!-- Number of peers -->
  </actor>
  <actor host="Ruby" function="peer">
    <argument value="1"/>         <!-- My id -->
    <argument value="6"/>         <!-- Number of tasks -->
    <argument value="250000"/>    <!-- Computation size of tasks -->
    <argument value="3"/>         <!-- Number of peers -->
  </actor>
  <actor host="Perl" function="peer">
    <argument value="2"/>         <!-- My id -->
    <argument value="0"/>         <!-- Number of tasks -->
    <argument value="50000000"/>  <!-- Computation size of tasks -->
    <argument value="3"/>         <!-- Number of peers -->
  </actor>
</platform>
