<?xml version="1.0" encoding="UTF-8" ?>
<!--
/*
 * Licensed to the Apache Software Foundation (ASF) under one
 * or more contributor license agreements.  See the NOTICE file
 * distributed with this work for additional information
 * regarding copyright ownership.  The ASF licenses this file
 * to you under the Apache License, Version 2.0 (the
 * "License"); you may not use this file except in compliance
 * with the License.  You may obtain a copy of the License at
 *
 *  http://www.apache.org/licenses/LICENSE-2.0
 *
 * Unless required by applicable law or agreed to in writing,
 * software distributed under the License is distributed on an
 * "AS IS" BASIS, WITHOUT WARRANTIES OR CONDITIONS OF ANY
 * KIND, either express or implied.  See the License for the
 * specific language governing permissions and limitations
 * under the License.
 */
-->
<!DOCTYPE struts PUBLIC
	"-//Apache Software Foundation//DTD Struts Configuration 2.5//EN"
	"http://struts.apache.org/dtds/struts-2.5.dtd">

<struts>
    <package name="async" extends="json-default" namespace="/async">

        <action name="receiveNewMessages" class="org.apache.struts2.showcase.async.ChatRoomAction" method="receiveNewMessages">
            <result name="success" type="json">
                <param name="root">newMessages</param>
            </result>
            <result name="timeout" type="json">
                <param name="root">newMessages</param>
            </result>
        </action>

        <action name="sendMessage" class="org.apache.struts2.showcase.async.ChatRoomAction" method="sendMessage">
            <result name="success" type="json">
                <param name="root">newMessages</param>
            </result>
            <result name="timeout" type="json">
                <param name="root">newMessages</param>
            </result>
        </action>

    </package>

</struts>
