<?xml version='1.0'?>
<!DOCTYPE platform SYSTEM "https://simgrid.org/simgrid.dtd">
<platform version="4.1">
  <!-- The master actor (with some arguments) -->
  <actor host="Tremblay" function="sender">
    <argument value="3"/>     <!-- Number of messages -->
    <argument value="482117300"/> <!-- message size -->
    <argument value="5"/>     <!-- Sleep_start_time -->
    <argument value="0.1"/>   <!-- Time for test -->
  </actor>
  <!-- The receiver actor -->
  <actor host="Ruby" function="receiver">
    <argument value="1"/>       <!-- Sleep_start_time -->
    <argument value="0.1"/>     <!-- Time for test -->
  </actor>
</platform>
