<?xml version='1.0'?>
<!DOCTYPE platform SYSTEM "https://simgrid.org/simgrid.dtd">
<platform version="4.1">
  <actor host="Jacquelin" function="app.masterworker.Master">
    <argument value="5"/>     <!-- Amount of tasks to dispatch -->
    <argument value="50000"/> <!-- Computation size of each task -->
    <argument value="10"/>    <!-- Communication size of each one -->
    <argument value="7"/>     <!-- Amount of workers waiting for orders -->
  </actor>

  <actor host="Tremblay" function="app.masterworker.Worker">
    <argument value="0"/>  <!-- Input mailbox -->
  </actor>
  <actor host="Fafard" function="app.masterworker.Worker">
    <argument value="1"/>  <!-- Input mailbox -->
  </actor>
  <actor host="Bourassa" function="app.masterworker.Worker">
    <argument value="2"/>  <!-- Input mailbox -->
  </actor>
  <actor host="Boivin" function="app.masterworker.Worker">
    <argument value="3"/>  <!-- Input mailbox -->
  </actor>
  <actor host="Ginette" function="app.masterworker.Worker">
    <argument value="4"/>  <!-- Input mailbox -->
  </actor>
  <actor host="Jupiter" function="app.masterworker.Worker">
    <argument value="5"/>  <!-- Input mailbox -->
  </actor>
  <actor host="Jacquelin" function="app.masterworker.Worker">
    <argument value="6"/>  <!-- Input mailbox -->
  </actor>
</platform>
