<?xml version='1.0'?>
<!DOCTYPE platform SYSTEM "http://simgrid.gforge.inria.fr/simgrid/simgrid.dtd">
<platform version="4.1">
  <zone id="AS0" routing="Floyd">

    <host id="c-01.rennes" core="6" speed="21.496E9f"/>
    <host id="c-02.rennes" core="6" speed="21.496E9f"/>
    <host id="c-03.rennes" core="6" speed="21.496E9f"/>
    <host id="c-04.rennes" core="6" speed="21.496E9f"/>
    <host id="c-05.rennes" core="6" speed="21.496E9f"/>
    <host id="c-06.rennes" core="6" speed="21.496E9f"/>
    <host id="c-07.rennes" core="6" speed="21.496E9f"/>
    <host id="c-08.rennes" core="6" speed="21.496E9f"/>
    <host id="c-09.rennes" core="6" speed="21.496E9f"/>
    <host id="c-10.rennes" core="6" speed="21.496E9f"/>
    <host id="c-11.rennes" core="6" speed="21.496E9f"/>
    <host id="c-12.rennes" core="6" speed="21.496E9f"/>
    <host id="c-13.rennes" core="6" speed="21.496E9f"/>
    <host id="c-14.rennes" core="6" speed="21.496E9f"/>
    <host id="c-15.rennes" core="6" speed="21.496E9f"/>
    <host id="c-16.rennes" core="6" speed="21.496E9f"/>
    <host id="c-17.rennes" core="6" speed="21.496E9f"/>
    <host id="c-18.rennes" core="6" speed="21.496E9f"/>
    <host id="c-19.rennes" core="6" speed="21.496E9f"/>
    <host id="c-20.rennes" core="6" speed="21.496E9f"/>
    <host id="c-21.rennes" core="6" speed="21.496E9f"/>
    <host id="c-22.rennes" core="6" speed="21.496E9f"/>
    <host id="c-23.rennes" core="6" speed="21.496E9f"/>
    <host id="c-24.rennes" core="6" speed="21.496E9f"/>
    <host id="c-25.rennes" core="6" speed="21.496E9f"/>
    <host id="c-26.rennes" core="6" speed="21.496E9f"/>
    <host id="c-27.rennes" core="6" speed="21.496E9f"/>
    <host id="c-28.rennes" core="6" speed="21.496E9f"/>
    <host id="c-29.rennes" core="6" speed="21.496E9f"/>
    <host id="c-30.rennes" core="6" speed="21.496E9f"/>
    <host id="c-31.rennes" core="6" speed="21.496E9f"/>
    <host id="c-32.rennes" core="6" speed="21.496E9f"/>
    <host id="c-33.rennes" core="6" speed="21.496E9f"/>
    <host id="c-34.rennes" core="6" speed="21.496E9f"/>
    <host id="c-35.rennes" core="6" speed="21.496E9f"/>
    <host id="c-36.rennes" core="6" speed="21.496E9f"/>
    <host id="c-37.rennes" core="6" speed="21.496E9f"/>
    <host id="c-38.rennes" core="6" speed="21.496E9f"/>
    <host id="c-39.rennes" core="6" speed="21.496E9f"/>
    <host id="c-40.rennes" core="6" speed="21.496E9f"/>
    <host id="c-41.rennes" core="6" speed="21.496E9f"/>
    <host id="c-42.rennes" core="6" speed="21.496E9f"/>
    <host id="c-43.rennes" core="6" speed="21.496E9f"/>
    <host id="c-44.rennes" core="6" speed="21.496E9f"/>
    <host id="c-45.rennes" core="6" speed="21.496E9f"/>
    <host id="c-46.rennes" core="6" speed="21.496E9f"/>
    <host id="c-47.rennes" core="6" speed="21.496E9f"/>
    <host id="c-48.rennes" core="6" speed="21.496E9f"/>
    <host id="c-49.rennes" core="6" speed="21.496E9f"/>
    <host id="c-50.rennes" core="6" speed="21.496E9f"/>
    <host id="c-51.rennes" core="6" speed="21.496E9f"/>
    <host id="c-52.rennes" core="6" speed="21.496E9f"/>
    <host id="c-53.rennes" core="6" speed="21.496E9f"/>
    <host id="c-54.rennes" core="6" speed="21.496E9f"/>
    <host id="c-55.rennes" core="6" speed="21.496E9f"/>
    <host id="c-56.rennes" core="6" speed="21.496E9f"/>
    <host id="c-57.rennes" core="6" speed="21.496E9f"/>

    <router id="router1"/>

    <link id="link01" bandwidth="1.25GBps" latency="2.5ms"/>
    <link id="link02" bandwidth="1.25GBps" latency="2.5ms"/>
    <link id="link03" bandwidth="1.25GBps" latency="2.5ms"/>
    <link id="link04" bandwidth="1.25GBps" latency="2.5ms"/>
    <link id="link05" bandwidth="1.25GBps" latency="2.5ms"/>
    <link id="link06" bandwidth="1.25GBps" latency="2.5ms"/>
    <link id="link07" bandwidth="1.25GBps" latency="2.5ms"/>
    <link id="link08" bandwidth="1.25GBps" latency="2.5ms"/>
    <link id="link09" bandwidth="1.25GBps" latency="2.5ms"/>
    <link id="link10" bandwidth="1.25GBps" latency="2.5ms"/>
    <link id="link11" bandwidth="1.25GBps" latency="2.5ms"/>
    <link id="link12" bandwidth="1.25GBps" latency="2.5ms"/>
    <link id="link13" bandwidth="1.25GBps" latency="2.5ms"/>
    <link id="link14" bandwidth="1.25GBps" latency="2.5ms"/>
    <link id="link15" bandwidth="1.25GBps" latency="2.5ms"/>
    <link id="link16" bandwidth="1.25GBps" latency="2.5ms"/>
    <link id="link17" bandwidth="1.25GBps" latency="2.5ms"/>
    <link id="link18" bandwidth="1.25GBps" latency="2.5ms"/>
    <link id="link19" bandwidth="1.25GBps" latency="2.5ms"/>
    <link id="link20" bandwidth="1.25GBps" latency="2.5ms"/>
    <link id="link21" bandwidth="1.25GBps" latency="2.5ms"/>
    <link id="link22" bandwidth="1.25GBps" latency="2.5ms"/>
    <link id="link23" bandwidth="1.25GBps" latency="2.5ms"/>
    <link id="link24" bandwidth="1.25GBps" latency="2.5ms"/>
    <link id="link25" bandwidth="1.25GBps" latency="2.5ms"/>
    <link id="link26" bandwidth="1.25GBps" latency="2.5ms"/>
    <link id="link27" bandwidth="1.25GBps" latency="2.5ms"/>
    <link id="link28" bandwidth="1.25GBps" latency="2.5ms"/>
    <link id="link29" bandwidth="1.25GBps" latency="2.5ms"/>
    <link id="link30" bandwidth="1.25GBps" latency="2.5ms"/>
    <link id="link31" bandwidth="1.25GBps" latency="2.5ms"/>
    <link id="link32" bandwidth="1.25GBps" latency="2.5ms"/>
    <link id="link33" bandwidth="1.25GBps" latency="2.5ms"/>
    <link id="link34" bandwidth="1.25GBps" latency="2.5ms"/>
    <link id="link35" bandwidth="1.25GBps" latency="2.5ms"/>
    <link id="link36" bandwidth="1.25GBps" latency="2.5ms"/>
    <link id="link37" bandwidth="1.25GBps" latency="2.5ms"/>
    <link id="link38" bandwidth="1.25GBps" latency="2.5ms"/>
    <link id="link39" bandwidth="1.25GBps" latency="2.5ms"/>
    <link id="link40" bandwidth="1.25GBps" latency="2.5ms"/>
    <link id="link41" bandwidth="1.25GBps" latency="2.5ms"/>
    <link id="link42" bandwidth="1.25GBps" latency="2.5ms"/>
    <link id="link43" bandwidth="1.25GBps" latency="2.5ms"/>
    <link id="link44" bandwidth="1.25GBps" latency="2.5ms"/>
    <link id="link45" bandwidth="1.25GBps" latency="2.5ms"/>
    <link id="link46" bandwidth="1.25GBps" latency="2.5ms"/>
    <link id="link47" bandwidth="1.25GBps" latency="2.5ms"/>
    <link id="link48" bandwidth="1.25GBps" latency="2.5ms"/>
    <link id="link49" bandwidth="1.25GBps" latency="2.5ms"/>
    <link id="link50" bandwidth="1.25GBps" latency="2.5ms"/>
    <link id="link51" bandwidth="1.25GBps" latency="2.5ms"/>
    <link id="link52" bandwidth="1.25GBps" latency="2.5ms"/>
    <link id="link53" bandwidth="1.25GBps" latency="2.5ms"/>
    <link id="link54" bandwidth="1.25GBps" latency="2.5ms"/>
    <link id="link55" bandwidth="1.25GBps" latency="2.5ms"/>
    <link id="link56" bandwidth="1.25GBps" latency="2.5ms"/>
    <link id="link57" bandwidth="1.25GBps" latency="2.5ms"/>

    <route src="router1" dst="c-01.rennes"><link_ctn id="link01"/></route>
    <route src="router1" dst="c-02.rennes"><link_ctn id="link02"/></route>
    <route src="router1" dst="c-03.rennes"><link_ctn id="link03"/></route>
    <route src="router1" dst="c-04.rennes"><link_ctn id="link04"/></route>
    <route src="router1" dst="c-05.rennes"><link_ctn id="link05"/></route>
    <route src="router1" dst="c-06.rennes"><link_ctn id="link06"/></route>
    <route src="router1" dst="c-07.rennes"><link_ctn id="link07"/></route>
    <route src="router1" dst="c-08.rennes"><link_ctn id="link08"/></route>
    <route src="router1" dst="c-09.rennes"><link_ctn id="link09"/></route>
    <route src="router1" dst="c-10.rennes"><link_ctn id="link10"/></route>
    <route src="router1" dst="c-11.rennes"><link_ctn id="link11"/></route>
    <route src="router1" dst="c-12.rennes"><link_ctn id="link12"/></route>
    <route src="router1" dst="c-13.rennes"><link_ctn id="link13"/></route>
    <route src="router1" dst="c-14.rennes"><link_ctn id="link14"/></route>
    <route src="router1" dst="c-15.rennes"><link_ctn id="link15"/></route>
    <route src="router1" dst="c-16.rennes"><link_ctn id="link16"/></route>
    <route src="router1" dst="c-17.rennes"><link_ctn id="link17"/></route>
    <route src="router1" dst="c-18.rennes"><link_ctn id="link18"/></route>
    <route src="router1" dst="c-19.rennes"><link_ctn id="link19"/></route>
    <route src="router1" dst="c-20.rennes"><link_ctn id="link20"/></route>
    <route src="router1" dst="c-21.rennes"><link_ctn id="link21"/></route>
    <route src="router1" dst="c-22.rennes"><link_ctn id="link22"/></route>
    <route src="router1" dst="c-23.rennes"><link_ctn id="link23"/></route>
    <route src="router1" dst="c-24.rennes"><link_ctn id="link24"/></route>
    <route src="router1" dst="c-25.rennes"><link_ctn id="link25"/></route>
    <route src="router1" dst="c-26.rennes"><link_ctn id="link26"/></route>
    <route src="router1" dst="c-27.rennes"><link_ctn id="link27"/></route>
    <route src="router1" dst="c-28.rennes"><link_ctn id="link28"/></route>
    <route src="router1" dst="c-29.rennes"><link_ctn id="link29"/></route>
    <route src="router1" dst="c-30.rennes"><link_ctn id="link30"/></route>
    <route src="router1" dst="c-31.rennes"><link_ctn id="link31"/></route>
    <route src="router1" dst="c-32.rennes"><link_ctn id="link32"/></route>
    <route src="router1" dst="c-33.rennes"><link_ctn id="link33"/></route>
    <route src="router1" dst="c-34.rennes"><link_ctn id="link34"/></route>
    <route src="router1" dst="c-35.rennes"><link_ctn id="link35"/></route>
    <route src="router1" dst="c-36.rennes"><link_ctn id="link36"/></route>
    <route src="router1" dst="c-37.rennes"><link_ctn id="link37"/></route>
    <route src="router1" dst="c-38.rennes"><link_ctn id="link38"/></route>
    <route src="router1" dst="c-39.rennes"><link_ctn id="link39"/></route>
    <route src="router1" dst="c-40.rennes"><link_ctn id="link40"/></route>
    <route src="router1" dst="c-41.rennes"><link_ctn id="link41"/></route>
    <route src="router1" dst="c-42.rennes"><link_ctn id="link42"/></route>
    <route src="router1" dst="c-43.rennes"><link_ctn id="link43"/></route>
    <route src="router1" dst="c-44.rennes"><link_ctn id="link44"/></route>
    <route src="router1" dst="c-45.rennes"><link_ctn id="link45"/></route>
    <route src="router1" dst="c-46.rennes"><link_ctn id="link46"/></route>
    <route src="router1" dst="c-47.rennes"><link_ctn id="link47"/></route>
    <route src="router1" dst="c-48.rennes"><link_ctn id="link48"/></route>
    <route src="router1" dst="c-49.rennes"><link_ctn id="link49"/></route>
    <route src="router1" dst="c-50.rennes"><link_ctn id="link50"/></route>
    <route src="router1" dst="c-51.rennes"><link_ctn id="link51"/></route>
    <route src="router1" dst="c-52.rennes"><link_ctn id="link52"/></route>
    <route src="router1" dst="c-53.rennes"><link_ctn id="link53"/></route>
    <route src="router1" dst="c-54.rennes"><link_ctn id="link54"/></route>
    <route src="router1" dst="c-55.rennes"><link_ctn id="link55"/></route>
    <route src="router1" dst="c-56.rennes"><link_ctn id="link56"/></route>
    <route src="router1" dst="c-57.rennes"><link_ctn id="link57"/></route>
  </zone>
</platform>
