<?xml version='1.0'?>
<!DOCTYPE platform SYSTEM "https://simgrid.org/simgrid.dtd">
<platform version="4.1">
<!--     This platform does not use any routing. It is what Constant network model expects. -->
  <zone id="AS0" routing="None">
    <host id="node-0.simgrid.org" speed="1Gf"/>
    <host id="node-1.simgrid.org" speed="1Gf"/>
    <host id="node-2.simgrid.org" speed="1Gf"/>
    <host id="node-3.simgrid.org" speed="1Gf"/>
    <host id="node-4.simgrid.org" speed="1Gf"/>
    <host id="node-5.simgrid.org" speed="1Gf"/>
    <host id="node-6.simgrid.org" speed="1Gf"/>
    <host id="node-7.simgrid.org" speed="1Gf"/>
    <host id="node-8.simgrid.org" speed="1Gf"/>
    <host id="node-9.simgrid.org" speed="1Gf"/>
  </zone>
</platform>
