<?xml version='1.0'?>
<!DOCTYPE platform SYSTEM "https://simgrid.org/simgrid.dtd">
<platform version="4.1">
  <zone id="AS0" routing="Full">
    <host id="Tremblay" speed="98.095Mf"/>
    <host id="Ruby" speed="98.095Mf"/>
    <host id="Perl" speed="98.095Mf"/>
    <host id="Java" speed="98.095Mf"/>

    <link id="1" bandwidth="498MBps" latency="150us" sharing_policy="FATPIPE"/>
    <link id="2" bandwidth="498MBps" latency="150us" sharing_policy="FATPIPE"/>
    <link id="3" bandwidth="498MBps" latency="150us" sharing_policy="FATPIPE"/>
    <link id="4" bandwidth="498MBps" latency="150us" sharing_policy="FATPIPE"/>

    <route src="Tremblay" dst="Ruby">
      <link_ctn id="1"/>
    </route>
    <route src="Tremblay" dst="Perl">
      <link_ctn id="2"/>
    </route>
    <route src="Tremblay" dst="Java">
      <link_ctn id="3"/>
    </route>
    <route src="Ruby" dst="Perl">
      <link_ctn id="4"/>
    </route>
  </zone>
</platform>
