<?xml version='1.0'?>
<!DOCTYPE platform SYSTEM "https://simgrid.org/simgrid.dtd">
<platform version="4.1">
  <zone id="siteA" routing="Full">
    <host id="PM0" speed="8.095Gf" core="4"/>
    <host id="PM1" speed="8.095Gf" core="4"/>
    <host id="PM2" speed="8.095Gf" core="2"/>

    <link id="link1" bandwidth="125MBps" latency="100us" />

    <route src="PM0" dst="PM1">
      <link_ctn id="link1"/>
    </route>
    <route src="PM0" dst="PM2">
      <link_ctn id="link1"/>
    </route>
    <route src="PM1" dst="PM2">
      <link_ctn id="link1"/>
    </route>
  </zone>
</platform>
