<?xml version='1.0'?>
<!DOCTYPE platform SYSTEM "https://simgrid.org/simgrid.dtd">
<platform version="4.1">
  <zone  id="AS0" routing="Full">
    <host id="cpu0" speed="4Gf"/>
    <host id="cpu1" speed="4Gf"/>

    <link id="link0" bandwidth="125MBps" latency="100us" sharing_policy="SHARED"/>

    <route src="cpu0" dst="cpu0">
      <link_ctn id="link0"/>
    </route>
    <route src="cpu0" dst="cpu1">
      <link_ctn id="link0"/>
    </route>
    <route src="cpu1" dst="cpu1">
      <link_ctn id="link0"/>
    </route>
  </zone>
</platform>
