<?xml version='1.0'?>
<!DOCTYPE platform SYSTEM "https://simgrid.org/simgrid.dtd">
<platform version="4.1">
  <trace id="A" periodicity="1.0">
    0.0 1.0
    11.0 0.5
    20.0 0.9
  </trace>
  <trace id="A_failure" periodicity="10.0">
    1.0 -1.0
    2.0 1.0
  </trace>
  <trace id="B" periodicity="10.0">
    0.0 1.0
    10.0 0.8
    20.0 0.4
  </trace>

  <zone id="AS0" routing="Full">
    <host id="Cpu A" speed="10f"/>
    <host id="Cpu B" speed="10f"/>
    <link id="LinkA" bandwidth="10MBps" latency="200ms"/>
    <route src="Cpu A" dst="Cpu B">
      <link_ctn id="LinkA"/>
    </route>
  </zone>

  <trace_connect kind="SPEED" trace="A" element="Cpu A"/>
  <trace_connect kind="HOST_AVAIL" trace="A_failure" element="Cpu A"/>
  <trace_connect kind="SPEED" trace="B" element="Cpu B"/>
</platform>
