<?xml version = '1.0'?>
<!DOCTYPE platform SYSTEM "https://simgrid.org/simgrid.dtd">
<platform version = "4.1">
  <zone id="WIFI zone" routing = "Wifi">
    <prop id = "access_point" value = "router" />

    <host id = "Station 1" speed = "100.0Mf,50.0Mf,20.0Mf" />
    <host id = "Station 2" speed = "100.0Mf,50.0Mf,20.0Mf" />

    <router id = "router"/>

    <link id = "AP1" sharing_policy = "WIFI" bandwidth = "54Mbps" latency="0ms">
      <prop id = "wifi_watt_values" value = "0:1:1:0"/>
      <prop id = "control_duration" value = "0"/>
    </link>
  </zone>
</platform>
