<?xml version='1.0'?>
<!DOCTYPE platform SYSTEM "https://simgrid.org/simgrid.dtd">
<platform version="4.1">
  <actor host="Tremblay" function="master">
     <argument value="600"/>       <!-- Simulation timeout -->
     <argument value="50000000"/>  <!-- Computation size of tasks -->
     <argument value="10"/>        <!-- Communication size of tasks -->
  </actor>
  <actor host="Fafard" function="master">
     <argument value="600"/>       <!-- Simulation timeout -->
     <argument value="50000000"/>  <!-- Computation size of tasks -->
     <argument value="10"/>        <!-- Communication size of tasks -->
  </actor>
  <actor host="Jupiter" function="master">
     <argument value="600"/>       <!-- Simulation timeout -->
     <argument value="50000000"/>  <!-- Computation size of tasks -->
     <argument value="10"/>        <!-- Communication size of tasks -->
  </actor>
</platform>
