<?xml version='1.0'?>
<!DOCTYPE platform SYSTEM "https://simgrid.org/simgrid.dtd">
<platform version="4.1">
  <!-- The master actor (with some arguments) -->
  <actor host="Tremblay" function="sender">
    <argument value="3"/>       <!-- Number of tasks -->
    <argument value="50000000"/>  <!-- Computation size of tasks -->
    <argument value="1"/>         <!-- Number of receivers -->
  </actor>
  <!-- The receiver actors -->
  <actor host="Ruby" function="receiver">
    <argument value="0"/> <!-- id -->
  </actor>
</platform>
