<?xml version='1.0'?>
<!DOCTYPE platform SYSTEM "https://simgrid.org/simgrid.dtd">
<platform version="4.1">
  <actor host="Tremblay" function="master">
    <argument value="10000"/>
    <argument value="Jupiter"/>
    <argument value="1"/>
  </actor>
  <actor host="Jupiter" function="worker">
    <argument value="1"/>
  </actor>
  <actor host="Fafard" function="master">
    <argument value="10000"/>
    <argument value="Ginette"/>
    <argument value="2"/>
  </actor>
  <actor host="Ginette" function="worker">
    <argument value="2"/>
  </actor>
  <actor host="Bourassa" function="master">
    <argument value="10000"/>
    <argument value="Lovelace"/>
    <argument value="3"/>
  </actor>
  <actor host="Lovelace" function="worker">
    <argument value="3"/>
  </actor>
</platform>
