<?xml version='1.0'?>
<!DOCTYPE platform SYSTEM "https://simgrid.org/simgrid.dtd">
<platform version="4.1">

  <actor host="node-0.simgrid.org" function="dht.kademlia.Node">
    <argument value="0"/>        <!-- my id -->
    <argument value ="900"/>     <!-- deadline -->
  </actor>

  <actor host="node-1.simgrid.org" function="dht.kademlia.Node">
    <argument value="1"/>        <!-- my id -->
    <argument value="0"/>        <!-- known id -->
    <argument value ="900"/>     <!-- deadline -->
  </actor>

  <actor host="node-2.simgrid.org" function="dht.kademlia.Node">
    <argument value="2"/>        <!-- my id -->
    <argument value="0"/>        <!-- known id -->
    <argument value ="900"/>     <!-- deadline -->
  </actor>

  <actor host="node-3.simgrid.org" function="dht.kademlia.Node">
    <argument value="4"/>        <!-- my id -->
    <argument value="0"/>        <!-- known id -->
    <argument value ="900"/>     <!-- deadline -->
  </actor>
</platform>
