<?xml version="1.0" encoding="UTF-8"?>
<!--
/*
 * Licensed to the Apache Software Foundation (ASF) under one
 * or more contributor license agreements.  See the NOTICE file
 * distributed with this work for additional information
 * regarding copyright ownership.  The ASF licenses this file
 * to you under the Apache License, Version 2.0 (the
 * "License"); you may not use this file except in compliance
 * with the License.  You may obtain a copy of the License at
 *
 *  http://www.apache.org/licenses/LICENSE-2.0
 *
 * Unless required by applicable law or agreed to in writing,
 * software distributed under the License is distributed on an
 * "AS IS" BASIS, WITHOUT WARRANTIES OR CONDITIONS OF ANY
 * KIND, either express or implied.  See the License for the
 * specific language governing permissions and limitations
 * under the License.
 */
-->
<assembly xmlns="http://maven.apache.org/plugins/maven-assembly-plugin/assembly/1.1.3"
          xmlns:xsi="http://www.w3.org/2001/XMLSchema-instance"
          xsi:schemaLocation="http://maven.apache.org/plugins/maven-assembly-plugin/assembly/1.1.3 http://maven.apache.org/xsd/assembly-1.1.3.xsd">

  <id>lib</id>
  <formats>
    <format>zip</format>
  </formats>
  <dependencySets>
    <dependencySet>
      <useProjectArtifact>false</useProjectArtifact>
      <outputDirectory>lib</outputDirectory>
      <scope>runtime</scope>
      <excludes>
        <exclude>junit:junit</exclude>
        <exclude>org.testng:testng</exclude>
      </excludes>
    </dependencySet>
  </dependencySets>
  <fileSets>
    <fileSet>
    	<directory>src/main/resources</directory>
    	<outputDirectory></outputDirectory>
      <includes>
        <include>README*</include>
        <include>LICENSE*</include>
        <include>NOTICE*</include>
      </includes>
    </fileSet>
    <fileSet>
      <directory>../core/src/main/resources</directory>
      <outputDirectory></outputDirectory>
      <includes>
        <include>FREEMARKER-LICENSE.txt</include>
        <include>OGNL-LICENSE.txt</include>
      </includes>
    </fileSet>
    <fileSet>
      <directory>../plugins/plexus/src/main/resources</directory>
      <outputDirectory></outputDirectory>
      <includes>
        <include>CLASSWORLDS-LICENSE.txt</include>
      </includes>
    </fileSet>
    <fileSet>
      <directory>../plugins/rest/src/main/resources</directory>
      <outputDirectory></outputDirectory>
      <includes>
        <include>XSTREAM-LICENSE.txt</include>
        <include>XPP3-LICENSE.txt</include>
      </includes>
    </fileSet>
    <fileSet>
      <directory>../plugins/sitemesh/src/main/resources</directory>
      <outputDirectory></outputDirectory>
      <includes>
        <include>SITEMESH-LICENSE.txt</include>
      </includes>
    </fileSet>
    <fileSet>
      <directory>../plugins/oval/src/main/resources</directory>
      <outputDirectory></outputDirectory>
      <includes>
        <include>OVAL-LICENSE.txt</include>
        <include>XSTREAM-LICENSE.txt</include>
      </includes>
    </fileSet>
  </fileSets>
</assembly>
